,index,Job Family,Total Benefits,Total Compensation,Percent_Total_Benefit
0,7,Street Transit,234.78921052631583,863.4444736842105,27.192160895361273
1,5,Personnel,99.11333333333333,422.93666666666667,23.434556789432616
2,2,Dietary & Food,400.375,1769.75,22.623251871733295
3,0,"Clerical, Secretarial & Steno",256.88568082788663,1187.5153398692812,21.63219894541859
4,6,Public Service Aide,117.83666666666666,579.4966666666667,20.334313110803052
5,3,Journeyman Trade,117.95500000000001,768.04,15.357924066454876
6,4,Nursing,1815.8860416666666,16093.024791666667,11.283683864123379
7,1,Correction & Detention,96.54333333333334,1379.1433333333334,7.000239278972694
